Id,Price
4567,152027.04
5925,114726.1
960,147793.75
3848,150270.47
746,210937.24
868,327563.48
672,128901.65
2471,203562.7
4510,117045.96
8354,268561.03
6393,169034.13
13270,222251.63
5250,324455.75
16751,169645.5
11404,130585.26
10588,308163.59
14925,197801.0
6791,212839.97
16097,184538.25
16428,353746.36
6945,342833.51
3190,193175.0
15709,439973.97
13155,167511.47
7675,195362.98
14686,229113.14
609,156584.84
11155,169437.17
10869,204544.21
15742,237023.55
9245,195917.64
3340,174159.98
2359,279275.55
8070,191745.44
13707,117124.27
16079,261552.37
15937,293734.68
14090,168661.14
9008,207111.86
16384,177798.9
11657,263730.26
13151,199839.91
8990,202449.55
11857,186259.16
1565,170849.72
8174,115841.16
9247,253869.31
10478,222267.09
15509,148572.31
8306,293133.27
6642,184885.83
7472,194329.29
15989,134523.47
13682,127929.8
163,276916.44
7076,185111.05
7478,342967.09
3029,188102.05
1814,147602.37
10057,141429.26
15100,190969.44
12694,215255.86
6291,176847.56
12603,187773.52
3218,253189.68
13456,129672.66
10170,237087.38
4530,170221.81
13329,184539.15
4820,140418.32
10896,177413.28
13416,122361.21
2701,234827.48
11265,319016.66
9189,247689.99
1858,175650.81
14536,235172.07
6199,293328.08
14730,155214.68
7510,246476.63
15505,163103.14
7446,197958.56
14016,198273.21
14113,114293.15
8721,277576.43
6193,329342.07
5717,181000.32
5427,277838.95
9520,460019.12
6869,104884.95
1658,158260.28
6639,209774.9
6283,179943.92
6257,125694.86
15235,182469.16
902,225568.08
8932,201345.11
16469,381966.61
2825,261690.29
6450,423176.67
11366,183732.42
3801,354635.81
11385,197079.92
1079,184536.88
3202,245694.14
676,224339.74
6185,307324.24
7730,165829.12
2573,181552.59
10978,208365.68
10962,255873.48
8870,199225.36
8496,154235.07
5517,208956.75
927,180378.5
13675,194136.42
1499,214994.36
15536,355251.57
8602,384315.14
12137,434492.82
9865,250095.8
16353,294541.62
15908,225436.14
3944,183650.21
10359,198934.87
15158,210524.98
3259,243684.7
7220,321007.07
13843,207341.15
16736,172975.76
702,233342.83
16401,125608.95
12134,203468.36
6918,192880.38
11792,130707.23
3798,166469.5
10395,128520.53
11099,122302.6
7090,201088.31
11260,183500.6
9647,215734.41
2903,376654.53
2071,186268.68
8604,201921.73
9346,195329.93
3945,203785.74
3420,126867.66
10842,127074.62
725,155827.58
13931,195816.07
16330,243044.39
9066,391238.36
3326,301395.21
1556,278119.41
6579,130483.75
13877,180786.13
9857,321239.37
7302,256054.25
5684,181694.81
6513,229822.06
11342,115834.9
16561,222685.62
6885,180113.56
9308,184152.45
2559,234974.77
6648,181565.25
15260,168930.77
5113,184097.65
16492,199628.06
12034,277772.0
7248,210445.57
2171,209928.07
10594,166863.11
13241,190841.24
7032,147369.96
4884,174960.79
903,214084.78
162,169977.62
6566,259041.63
8249,131048.35
13106,202996.59
256,126053.7
7976,168730.44
8575,180980.06
7591,268364.26
3204,210152.61
15804,186355.33
1525,320673.37
9038,200640.17
13628,186772.03
10016,203207.74
10208,219713.71
2008,187259.94
13029,209483.1
5099,127640.86
9923,304786.53
9461,121496.3
11086,179356.71
15057,252522.58
10689,244624.57
2053,222280.25
16630,152592.75
4985,164341.67
13881,363319.99
13225,200727.03
5779,69094.04
10262,186409.29
10762,213976.19
9513,200612.65
11128,159853.88
2074,294328.31
933,188374.11
2780,175488.37
6594,131760.59
15394,264460.51
14863,157574.98
6698,223686.71
1611,243874.55
174,180806.83
5160,227228.39
3295,331636.6
4559,393337.2
8254,177220.07
10228,102376.26
13924,132008.61
15341,251169.29
4353,174508.16
4334,87535.65
1872,216760.39
7823,174817.95
310,152252.65
3704,206928.45
11615,331195.13
6605,202909.31
3381,185347.62
2143,142184.17
3191,267677.76
13980,135277.88
15613,168280.99
10943,328395.76
9654,169999.22
16053,340427.86
14931,230978.64
8299,254325.42
2147,173615.73
11567,320968.31
5905,137603.68
11160,115268.35
8275,149047.42
16398,280703.83
11229,198328.55
10309,153052.2
7340,272268.85
7653,163655.22
272,208205.24
9831,234395.79
5016,151573.36
5968,72376.88
796,235474.54
12123,130422.09
16629,188389.37
2637,170940.63
6194,211251.34
6216,378533.85
14346,176504.61
6428,133950.07
2891,244669.96
84,172999.29
9260,218180.81
15250,156860.76
2348,195461.87
10427,292218.71
13230,207766.41
1691,227853.09
8803,123992.93
5464,234223.0
10559,112582.05
16787,304297.68
4278,162517.57
6183,157571.82
12775,159401.99
10104,177911.69
13663,202902.87
9404,236045.78
14724,206646.51
10040,190965.43
4646,190628.95
4754,155825.5
3310,215627.07
2003,194497.72
7312,217372.47
10921,227986.24
13419,286880.82
10105,162949.14
2196,329708.88
12659,240489.56
4380,221816.62
10847,159285.45
10805,282168.14
8709,117789.6
8319,182143.3
2215,190941.91
7000,187929.85
7701,120598.25
9678,186450.44
14026,188606.02
7971,164307.23
13734,149184.73
16483,199301.52
6150,213357.78
2931,277814.98
5418,186622.29
1662,484991.48
2441,217289.35
669,139887.08
7734,197750.94
6010,224748.88
266,145993.01
632,141897.08
16221,105000.09
11832,172437.2
5035,120663.79
37,112720.31
6168,182284.65
11757,188457.44
8086,122503.29
6529,240818.72
15121,180357.19
13904,145730.88
3711,194871.6
16563,125404.94
14494,195133.83
3006,210564.72
15299,93621.5
92,275588.73
8066,176646.69
16071,209579.99
10662,132494.51
3883,229483.35
5511,119414.88
2821,283097.2
9570,217452.33
4326,264276.97
9251,232921.9
9031,219967.49
12689,177922.06
16380,244418.37
1053,249527.2
4568,183294.88
16140,116639.63
14356,343015.32
8466,181271.94
15652,139450.46
3285,116841.29
3198,169042.78
14088,451883.7
2268,125690.15
15472,215312.14
1203,227954.53
7157,349892.02
6886,184039.89
5083,241992.73
7467,114111.0
14068,222323.79
2080,179826.32
10865,147365.19
13516,180482.24
14150,200904.13
7609,137889.2
2144,394209.18
10357,206326.14
2396,310846.71
1526,394168.2
10890,257227.07
8638,308182.16
6050,253602.7
7639,105360.36
10544,204017.96
9577,232479.39
13195,216598.34
3484,230515.47
16668,350075.17
7171,181766.78
8547,216502.01
12735,221042.62
9093,201367.05
15323,227216.48
14897,148736.38
5135,189817.74
5327,212050.79
13133,243423.28
1676,269239.7
16296,284665.75
1095,142590.0
12528,157619.96
7348,274487.12
11663,171019.65
1803,193647.91
1510,220563.58
16045,191420.5
2900,153789.84
3236,165973.81
1318,245327.21
14948,221505.42
7840,286663.4
15325,179414.93
8700,174869.2
15706,194999.22
14449,164420.59
16117,245277.35
4529,192888.86
11199,196895.45
4052,301382.31
821,201968.08
68,215958.06
554,128554.02
452,194415.53
11394,281600.29
11393,181417.21
9535,171666.1
4024,186817.03
10069,211590.18
12007,160374.86
12368,431745.29
1259,342179.57
1124,323011.85
3707,193110.74
8767,173023.82
1919,173277.98
16741,156636.79
6664,283212.99
5688,389139.4
7799,161565.16
14843,296973.59
7532,154558.22
8133,152341.18
6264,319084.73
4125,156236.53
2410,172774.42
13607,220781.24
1716,279495.43
1370,135272.38
2273,369443.51
15298,327248.07
4284,246177.87
12303,142244.95
7808,147706.08
2203,140971.3
7237,122663.36
15864,155028.05
2844,152905.78
5729,166714.43
11812,344735.09
1779,167166.84
6442,132932.91
6160,212907.5
8266,198349.17
9903,154886.24
2867,132636.2
6998,182454.1
13932,181698.06
12587,165506.26
3611,231963.19
2646,291361.48
1890,162004.5
860,287364.68
14187,181694.29
12569,275761.31
1276,90121.14
12025,227687.3
4890,302930.45
14410,297780.55
10352,302932.18
11407,185773.71
10384,169849.09
7622,293994.46
12578,165603.82
15820,167064.68
563,189783.75
15226,166708.02
6396,215603.37
6247,143971.04
3339,160490.92
10975,270799.31
7475,116403.38
11129,185812.31
3051,243079.44
10232,232198.82
14106,184105.92
5502,223382.86
4558,72113.11
4181,142240.8
8426,126181.92
6611,157631.62
14641,146840.67
15539,276808.9
13119,120580.56
11716,175753.08
7316,232079.57
7791,110091.79
13034,318287.9
1068,286029.41
4060,174197.85
10172,217586.47
2591,195722.93
12494,325533.83
7828,287512.83
15284,179765.54
7947,182576.86
16335,217186.23
10234,357674.91
2797,257496.81
5341,236730.75
3059,264966.58
1559,87717.03
15320,272136.26
10284,351773.52
4134,223220.03
4481,213217.64
7222,182707.67
4062,237369.6
2192,220139.24
9637,180701.5
16236,162604.59
4272,169717.66
9406,282975.39
14309,235367.22
1946,301451.59
16235,249593.24
7146,167079.4
16784,252037.55
349,332145.52
6251,169660.8
5128,374080.54
11718,182171.03
16721,87301.62
12517,243237.21
15961,188260.8
9428,167375.57
14541,147436.55
10168,109999.81
11270,164758.12
13210,205458.22
11518,168347.46
12612,172230.43
16352,112625.85
9935,148669.74
15521,269220.94
11482,191817.57
11443,180189.1
9459,231887.96
9218,168610.77
854,144360.48
5619,141692.46
9208,170636.87
4391,147469.99
15207,162034.27
7183,183740.63
16442,217441.37
7936,88702.18
10606,392773.28
4979,155373.55
4854,277319.03
16476,123725.31
10516,157814.81
16261,279027.1
90,425809.79
5433,180599.76
14338,134175.57
13487,212416.09
8211,482222.09
170,166962.94
14051,97471.63
10686,203218.61
7595,277139.47
6777,387297.94
14661,173625.13
13991,310041.32
16795,172626.38
2740,129734.14
7368,306976.22
2413,262382.59
1852,461175.2
15200,313007.62
8467,338527.19
16379,253807.55
3375,187239.16
5945,407389.44
2641,221260.11
2837,334303.13
3498,221181.35
10876,158717.83
1285,220971.82
9285,230168.89
4015,319136.78
2526,185311.82
7814,188535.5
7117,291688.09
12359,125983.16
3303,295184.27
13874,169558.63
5484,198921.44
15067,164088.94
12639,223775.1
3388,225151.11
4256,201344.94
15738,189764.4
14049,203803.23
15780,194783.43
9564,168643.75
11910,221166.01
11315,209993.92
1733,157657.06
3910,331481.24
7552,454756.31
254,195340.12
5222,210216.6
8314,230301.36
16743,185937.64
10335,136686.7
8226,301450.69
12254,224681.28
13152,219203.25
15020,201510.91
16349,232598.26
11924,164258.1
12543,188425.66
14114,210535.11
12318,254627.12
15383,175868.8
6679,182622.29
635,174269.4
15993,249800.34
11375,199895.4
11216,193817.64
15401,223086.93
11301,154388.02
13804,258514.3
10839,184889.76
1588,322911.9
3596,195033.99
5816,172636.96
8099,149005.48
6551,203219.98
14075,407269.86
13431,204086.97
9481,320041.8
5295,159924.81
15859,341217.69
10634,294691.57
444,232790.76
11686,257340.39
1213,213526.72
13970,156420.69
6849,454891.19
9911,245545.66
5649,166708.18
7184,227974.28
5877,283167.46
1655,271706.67
15301,222218.48
12389,239713.35
5241,290932.27
7048,178335.16
10574,133983.95
8593,141368.17
4752,177650.59
14663,174551.54
10994,214415.55
87,71097.83
5132,124858.67
6372,399020.16
7411,271790.15
3319,246643.73
9355,131840.08
5139,270096.31
56,294968.64
3249,155149.52
5047,130154.31
13238,243211.27
2190,252684.35
15599,183856.06
6542,166815.55
1968,180438.62
5630,186687.03
9157,244381.11
789,172313.53
1413,259611.39
12514,227933.06
13459,146298.69
1345,226372.3
4034,213179.88
15169,148774.94
6770,247743.92
3334,187734.99
12998,155434.43
15870,223151.59
1871,171583.13
5770,171895.6
13196,105981.42
7633,195962.31
10699,208122.3
15470,196353.19
1903,372215.09
13860,242450.88
7649,154167.86
11043,244383.49
2922,227112.24
7538,322821.35
9477,117407.0
117,350491.41
1457,259107.09
7082,178309.22
3053,263817.1
12522,108710.74
5744,473030.78
13566,369881.6
1464,145650.91
3852,114070.6
9557,224920.89
14719,447027.03
13978,132992.39
3286,147024.03
13019,367912.94
1421,165582.8
13502,184764.23
14811,126099.89
9297,295958.68
7749,313940.93
16555,143449.75
14576,185577.07
12766,139937.6
4679,172909.58
10033,201853.65
11231,258053.99
15112,159360.21
10617,181158.59
2175,172566.03
16502,351963.15
10106,194824.1
12561,153236.14
15907,261483.96
8069,119660.28
8316,128006.54
12343,252910.45
12092,177466.41
1527,171554.01
10010,229050.25
655,108668.25
10549,158639.49
3248,118065.18
13499,317947.32
14959,203691.51
6070,155414.78
11360,217273.33
12102,204821.57
11870,283106.67
3713,147395.57
3230,161185.77
7742,232390.52
15092,332968.55
8728,337720.09
3386,141724.17
9409,145624.51
16545,259657.59
3127,168123.8
11344,180188.86
2112,226599.22
7310,196461.29
6313,205221.98
3681,396874.74
5114,368768.13
270,153432.89
14350,181778.56
12223,350432.7
1066,164942.08
16116,391659.99
11410,466699.33
4088,162504.98
5956,185932.31
14669,173006.58
13871,137427.72
4126,250960.25
12114,211601.26
16607,157329.63
4266,220770.04
13518,191027.54
11856,256972.76
3885,241576.63
8891,149236.88
4964,160128.84
7696,145187.19
6894,151310.15
9766,158890.18
4800,161683.58
2840,202517.61
4743,176345.93
13562,365159.48
8301,196726.89
5405,174310.42
1535,164625.59
9073,127168.66
1698,343703.16
12262,237051.72
6794,180534.01
12701,179221.51
8432,185192.3
13540,137682.91
8629,151637.76
1440,184773.77
8596,203390.97
9575,286650.23
14976,101826.71
3149,220294.47
5157,223582.9
10748,181689.14
9719,346281.95
6376,184879.92
9733,170445.86
4749,194971.91
4994,381154.96
538,202511.25
5512,145227.51
9778,178677.09
9761,136635.79
3174,378258.84
13429,201665.28
10467,70248.12
14129,199410.76
13608,193070.31
11106,146771.25
12048,173764.74
1054,345037.36
3582,188039.49
1566,172735.16
11529,147545.24
11859,175221.32
10582,150425.49
14907,341357.61
14039,160696.11
10489,165846.71
3331,312754.88
10153,245852.74
5271,174812.68
11871,380529.69
776,142595.84
3994,156199.3
9433,72484.22
14275,133834.58
8030,250618.5
8169,273652.77
8053,189249.84
4822,238469.81
13197,224924.92
13634,267359.84
8951,174494.42
12176,238092.69
15471,148697.51
14962,125607.72
12512,125825.85
8697,297334.12
7095,242367.32
13639,203242.34
16660,175569.95
5848,147381.47
5386,185991.0
10880,309533.27
3954,182457.79
13426,263474.77
5966,209435.28
16315,289329.82
7455,170223.84
11071,235941.61
14740,228985.52
16087,178585.49
8931,252657.66
15289,190819.65
16089,245670.89
12128,181692.69
4724,209879.24
8585,200655.5
7188,237071.72
5423,158789.77
10488,202849.64
5980,222266.64
8376,236427.63
12397,139106.57
16496,186699.73
4891,239582.46
9710,141758.08
6339,162092.73
244,161383.33
5002,237868.92
5358,193284.18
7636,153812.27
9361,321230.53
3601,120423.65
15755,164099.86
172,182752.13
3037,321663.42
577,246841.11
3607,188216.9
2515,114937.38
10413,153967.86
10511,232383.43
4637,339417.89
12736,273947.18
9534,233436.24
11641,167553.5
10419,271580.18
15313,199402.78
14915,194794.44
12409,400500.62
9405,127727.05
14066,197175.29
14108,193506.79
11931,231951.99
11464,324053.91
926,149889.25
11190,214526.91
10260,181321.33
12712,193140.55
1234,226647.1
11608,107085.4
3776,260618.28
4881,201979.24
10266,231069.45
3262,238089.75
3576,416117.72
16604,451149.46
8041,219696.39
10691,257667.8
8357,192740.77
11661,145364.76
4453,236763.15
15936,218553.09
8463,221432.78
15770,234289.07
466,172093.33
14965,88204.0
11227,178385.24
9894,279949.43
11746,198864.05
4118,143388.41
756,325039.66
15589,174822.43
109,335692.22
5778,231358.29
1731,99234.79
3450,150114.04
2961,186321.49
222,169030.26
11454,210803.99
7339,185310.12
12096,98462.68
14074,204885.71
4058,294851.71
6603,277938.63
3289,120327.06
16681,330401.44
8200,313583.54
3343,189848.23
7802,176813.58
2082,380538.97
217,246865.49
1720,169977.72
7224,233412.69
6176,134132.37
12571,259943.4
16666,266429.62
8908,215138.53
6914,180755.3
5428,193464.97
381,180416.26
3991,184079.53
16365,283023.61
1046,216792.54
391,154215.15
9212,347236.59
3022,187472.71
9961,116374.87
6764,195354.05
7720,175065.57
4809,233137.81
8877,304173.64
7817,179140.65
10614,113565.01
5553,254388.69
16488,128625.74
11002,163962.7
13592,293651.81
15050,231317.13
13553,252410.29
9041,206990.54
5461,411339.93
16274,260060.27
2138,133476.95
6245,167842.32
8245,196722.65
6491,217194.54
13218,182987.67
13101,107264.07
10462,145217.58
4079,184764.94
1506,335272.9
14107,127242.17
12215,264289.3
11576,324731.98
10567,213647.1
12713,210698.9
1468,443729.46
2549,258395.39
4172,244894.64
12380,237722.91
3513,96965.91
8165,278501.53
1127,210136.18
14601,440283.45
15526,319165.69
986,317454.66
14968,215506.7
9348,196895.96
6317,280296.99
7497,130416.03
5079,364505.81
528,180510.96
10964,179371.32
5812,312538.45
11022,202662.13
16251,139910.64
5863,115729.56
8664,227289.63
5396,213964.03
6917,229523.17
12776,126245.77
473,258169.15
13333,212323.2
13023,237989.0
7357,226352.24
10955,415504.76
11914,355014.87
12535,165235.78
11205,177304.66
13209,192921.33
16119,268690.91
2174,201686.56
4834,201015.15
10151,181799.99
5584,202859.66
6672,213569.42
12858,283114.71
5106,166985.11
8884,180546.33
13766,170394.02
12556,132324.23
12910,220744.65
6258,128197.14
7100,239733.61
1793,185001.19
3335,176897.67
12835,197335.68
10591,168275.6
15707,244573.74
16389,157046.5
7440,346090.61
6293,174961.72
3937,197522.76
16527,205282.06
5102,273776.6
10734,344981.57
7986,165916.71
6495,91994.71
9571,239165.99
5131,204111.04
10761,363180.16
143,399876.06
13829,179576.24
13662,225696.2
1771,154626.06
5448,201760.54
8594,159213.88
12038,289582.9
16471,171403.11
16764,147941.13
1282,162938.93
15101,274359.98
9473,135884.63
2324,412311.92
14448,224943.65
6000,76130.69
2077,135170.62
12960,237158.06
15837,205903.42
8805,241207.8
9987,234311.17
1580,332918.59
11089,125624.15
10926,224361.06
12773,445607.34
6490,288284.96
10858,127424.48
2831,131922.93
16326,147108.86
371,201140.39
8852,198379.53
6713,225450.6
4230,207384.66
3639,215177.01
3642,192495.14
5149,193290.96
2861,195511.77
13300,85161.44
2807,264619.81
5919,104652.01
12716,360853.35
4271,242898.37
16055,236617.67
3747,191140.82
5857,254826.78
6884,362662.95
16027,313444.98
3512,272207.97
5181,178724.97
16732,255395.77
1908,181667.48
12082,175934.25
7286,137823.9
8216,136309.62
6929,328505.8
3950,318019.13
12479,174138.58
877,127631.79
1366,196004.05
384,137354.93
5767,200792.38
6910,148181.33
187,213927.38
10164,178438.37
8603,249959.02
15834,185202.69
3078,130920.99
3479,268373.36
6671,227553.13
6078,172586.38
16271,129026.74
16191,174691.85
11544,189672.04
7781,218601.37
14918,305645.22
6238,218269.27
12989,204769.64
11907,190060.27
9696,153716.22
14084,363863.97
3895,150001.53
4367,175133.71
8453,69577.93
7638,341074.46
8373,227986.79
4674,184257.81
15787,153574.31
5903,275095.37
13679,187231.55
9018,389980.76
15823,246741.68
13289,148232.83
9896,190219.08
14436,188016.99
5547,278899.19
4048,363658.19
16579,207158.88
8550,207754.69
9385,276058.59
5242,161134.86
31,232715.92
6144,311655.81
3990,204422.26
2523,93906.82
12608,278026.83
7234,191178.92
15264,219439.65
9623,207730.58
3161,332871.36
7425,103669.72
13021,292575.23
4044,149679.53
15411,238662.42
979,280975.58
5514,238662.42
4817,166528.58
2115,189741.58
10571,260154.6
8992,254739.58
15546,179595.16
11359,149798.28
11972,178919.6
12838,168113.39
5948,124494.89
422,272987.67
4855,166014.08
16197,112507.25
8926,398112.0
5703,172342.25
8848,219156.17
7039,306272.27
3806,160024.59
15154,199918.86
13132,245407.41
7438,200637.86
4398,207814.99
2440,186329.31
3751,141264.57
1476,176654.44
2264,330170.0
16444,145425.72
10704,173561.27
4033,139549.21
4508,117398.22
16290,244926.54
10387,205453.61
5457,154845.51
4910,269583.66
7451,185144.08
10732,162970.49
8015,133434.49
6148,179448.31
5892,242559.13
7825,210363.46
6851,240508.62
6633,202231.07
2139,273806.16
10213,296058.2
2830,211020.17
13907,137938.34
15897,355554.46
8311,179916.67
14230,197764.52
3878,182643.76
13732,167911.38
12110,176463.86
10675,372910.95
12946,130996.52
16754,218110.31
4394,270611.75
16728,186154.98
14378,314565.91
9949,177614.58
994,189061.21
13258,143597.69
5883,405357.31
6933,361199.7
13193,226597.02
13286,169003.3
13407,392439.04
7512,121413.53
7221,195092.3
14428,152796.88
1740,191404.11
3,131888.95
12952,215621.08
11537,134273.16
2558,133387.17
14081,270694.09
3517,244286.2
7149,230760.96
15777,121212.78
8995,229291.59
826,335333.95
509,260821.49
14875,283688.5
6591,163395.32
11283,104808.18
9897,247192.69
14902,186250.56
14291,182077.64
3162,227575.98
4206,189288.43
11580,195939.76
2007,236018.95
14939,311667.96
13572,224235.05
10720,144692.99
4253,287143.87
10857,117050.67
6254,187713.15
14681,216314.9
8080,143510.13
8006,169894.23
13135,236082.9
4527,221580.99
12688,220674.43
15920,120756.58
16786,121086.33
16637,180959.45
949,169893.04
10696,290107.47
605,273201.85
10819,205534.23
9490,169759.63
1813,199422.39
15958,332929.55
10873,401587.94
14381,215515.2
5745,134568.57
286,248161.91
14799,285643.98
437,174164.37
12172,71097.83
8534,121958.53
14463,442437.96
13672,177227.77
6720,212535.29
16057,213409.67
2659,454989.15
11649,153634.38
4478,125838.58
555,334354.89
4819,254955.1
15188,331980.39
16115,198701.12
11427,132237.32
15483,170710.6
829,178902.38
13576,263438.67
13810,242230.11
1052,142345.62
10673,160895.06
8525,353918.13
13154,286573.4
13856,162555.42
5125,273461.15
5551,250740.9
14262,210577.71
8872,137979.43
10341,230300.2
7231,159036.56
10950,218817.96
4031,154544.41
13852,135742.89
5886,281038.69
859,290476.97
9436,186418.55
13638,306380.68
15337,201892.2
5506,243388.68
13550,108304.73
12630,169969.89
6466,123830.58
3282,152344.78
4474,142385.51
138,213147.84
15490,186523.47
11584,238383.38
13309,147237.43
8860,367981.47
14037,195333.58
1329,202598.48
2198,334425.94
1210,328366.92
10076,237481.58
6692,329377.88
6074,143871.71
13921,187499.85
1646,290258.98
11676,184907.89
683,119016.09
4839,126137.02
12392,148737.94
5206,253636.41
9104,331620.84
15554,190781.26
1590,198993.11
7894,292327.03
9286,150668.17
15364,335361.82
8260,254599.09
5746,128504.14
3357,303497.76
4755,181101.22
5896,116824.87
16520,190522.94
8880,246086.71
9321,218794.13
16463,154077.15
4861,174474.14
5687,198367.03
2785,343372.71
5571,240209.73
11070,355341.68
11577,221417.69
3993,165606.41
10908,244026.03
3696,206005.86
1755,132172.33
4053,200030.29
11954,263601.67
15294,171795.44
12452,199363.92
2202,144228.43
13564,237783.05
5134,234621.45
7447,127174.23
5929,135864.97
16714,191627.12
13005,333393.45
11740,234811.69
3535,181933.16
11837,237641.05
7382,239155.61
16709,233173.1
5908,236025.61
16333,194986.29
14776,250734.84
831,176447.06
5944,179947.02
1764,310623.12
5782,143132.12
7091,269628.32
7871,184032.18
10449,174640.8
15137,121045.66
2181,271130.86
8667,336797.5
4207,273623.34
3528,185931.67
5611,134128.47
5894,196043.44
14255,157766.62
16064,121010.71
5076,216088.88
3537,69420.09
6369,104149.45
1938,214028.84
11844,241371.38
7717,89979.91
3800,426817.87
6897,207350.37
255,262095.72
607,197095.66
6368,285117.45
15211,234518.84
13229,156860.69
6091,256276.8
14260,180808.65
15104,151174.61
7378,95130.13
12575,173003.42
137,167525.91
14572,216914.29
12530,167547.94
512,200456.1
7251,320941.13
4545,369775.25
14928,460043.14
3934,174512.03
12097,389445.92
10979,180679.11
16455,281868.19
4190,141666.92
7577,269806.96
11609,317463.28
2346,191063.58
7363,257906.99
13535,237510.35
9864,203425.74
16645,357782.28
2689,385173.67
5994,130528.07
14493,254894.85
7391,196852.23
13674,249461.83
7137,256033.41
5438,180737.59
10693,252618.05
9037,336001.15
14329,314876.58
11660,381593.85
9734,174682.96
12046,194149.3
11704,295755.43
7843,153768.1
3499,162713.18
16012,85580.98
15759,317709.45
10884,165242.15
9115,103926.35
4066,244645.05
12745,188543.43
9627,241176.98
12977,222760.39
7620,108393.91
11955,175128.72
271,266048.8
16091,279324.86
2193,401465.64
6190,165020.32
7071,210233.22
14320,101790.57
15578,176850.89
267,174221.61
1930,214915.89
7426,158629.68
13890,157858.64
4176,202444.07
5453,179386.33
5526,248682.43
8780,259591.28
10299,182817.5
959,414479.58
3458,121393.83
5363,402321.58
9281,161393.42
8076,191862.59
2492,275141.18
4746,138460.93
11380,222436.44
10881,201696.15
16392,212421.8
8071,175558.53
16740,126210.09
4846,231773.61
5299,302949.34
2046,254170.77
11623,246049.0
6539,133922.79
12234,216611.9
14240,173532.0
3443,135323.03
2127,180648.93
11259,141483.18
7889,131860.37
16655,226365.21
15790,130991.88
3686,123898.16
4392,152256.04
3103,241553.18
7047,197732.62
13014,341641.36
11269,426669.43
4304,409551.51
13513,202841.05
12969,95042.95
6966,228631.82
8883,117799.85
6064,199568.64
12341,215365.76
10107,303079.4
130,186106.52
2406,341674.74
6089,232822.27
316,118808.76
15812,276227.07
7053,403456.05
14691,307989.62
11881,171439.16
13503,183099.26
9569,185568.22
9846,325354.1
14415,190477.33
14873,210137.12
11180,309975.12
7256,199047.35
3721,201128.59
1211,221707.57
14887,253800.01
16220,417426.16
15451,177743.02
1602,224043.24
8917,308103.64
15595,116921.59
15242,174367.86
3957,242544.17
14923,84767.27
3087,164535.11
12959,453130.71
13631,156419.44
12704,283009.75
15197,177521.63
12599,192275.39
8761,197132.02
13013,155924.42
3464,199294.72
2366,154943.87
10845,161820.9
8092,188555.52
10528,217089.22
7132,177661.2
8958,176660.47
7959,108610.63
4847,227479.46
1477,388552.76
8264,355641.63
10048,140639.94
10492,253929.08
3859,380479.65
8676,443422.21
8146,244598.98
1619,303299.99
12609,129292.21
11001,196443.01
3644,221763.67
8362,298610.33
537,152800.11
1298,136853.01
1023,259376.03
8659,220941.43
11538,213593.07
16036,164658.18
2392,324892.16
12099,340288.93
12935,153640.05
1050,166564.49
3068,239413.6
2083,175843.27
7652,373933.13
8696,220874.53
11183,420120.04
11386,154764.25
10752,354759.16
3371,323677.55
4149,199012.35
16775,189720.17
12187,184973.93
14421,232888.84
13693,214132.61
6560,221728.83
3497,197354.27
3396,143354.87
1223,185778.2
14796,210008.57
16190,272174.83
6060,263320.13
10111,189018.64
10983,171329.62
11228,222388.38
13208,264969.94
525,468962.14
6923,163486.48
6785,202060.72
3731,230743.83
16577,240761.96
6518,215504.18
6610,180402.52
5509,127965.5
9942,266307.51
10148,235440.45
5351,189179.76
11029,195906.56
6561,134956.22
10056,149904.56
13913,170186.83
1906,155409.39
5081,173451.77
6341,321941.49
1859,181358.99
3336,224579.67
14163,148467.2
6204,349690.61
13285,209596.39
11492,216921.36
14596,109166.53
4696,392327.53
4771,262879.23
11296,134184.91
5851,174536.96
2850,195796.88
10011,143527.97
5988,168580.46
2316,73963.05
3211,187185.99
13525,163961.86
6383,132916.45
1420,294626.01
11748,255854.07
4222,251911.21
8363,254243.76
4412,240106.13
14384,154652.05
9844,163400.31
9315,219486.61
11604,220974.4
10644,245820.88
12995,183959.72
16615,334047.11
1959,211319.5
14562,187432.92
11934,233567.23
8494,179781.91
4255,213434.11
13000,181691.34
2461,213060.23
13661,211977.54
2886,232827.78
519,190620.57
5440,186010.15
10353,160795.88
12305,182311.52
2983,239870.07
12032,195248.26
743,251383.42
8250,108040.76
7890,165412.42
4722,423485.96
15358,191529.06
4183,187729.6
3970,325148.91
303,176422.26
2207,252196.91
4022,205147.54
1132,178069.32
12278,179634.21
9280,148130.45
14940,402232.43
6413,187593.71
15213,321898.78
9656,227920.99
12036,273942.72
3151,183932.89
15530,188135.6
13263,227584.02
6750,185936.48
11488,364895.1
9532,171403.91
8462,199941.84
11494,273492.83
10270,130647.35
5476,103543.75
12486,417252.6
5501,110682.89
15871,330150.05
14733,194810.05
6103,221660.84
7911,222470.89
4359,275982.04
9595,172909.84
13851,283797.72
7854,192021.53
8684,180474.66
15239,253493.07
10012,201445.82
14995,318672.38
9791,169280.06
5567,224991.49
10883,171138.81
25,161796.16
939,170592.82
9919,190062.34
6321,233919.83
16767,405556.5
16464,110587.24
3170,173343.16
1522,127131.0
5138,343458.37
797,142553.49
14586,90173.58
2872,203046.9
4259,231340.74
16616,285011.33
16512,178661.5
9663,211466.66
245,218571.62
16369,219320.08
5254,462412.4
8672,144498.68
8004,186206.53
3109,241658.12
2588,335013.07
8814,318913.12
15888,146157.99
14668,141225.03
13432,321086.03
7981,74847.93
2048,218121.12
1667,167414.6
2349,90069.08
6136,195017.86
8166,188185.88
1709,343123.12
14649,177033.18
9187,225782.07
2927,188424.58
10220,162432.45
6331,429689.11
7044,179723.52
1736,137412.44
1840,112494.55
4852,213461.76
13311,173102.55
3330,177882.74
7004,331838.12
12472,180046.19
7664,179119.76
16537,221076.59
15032,424784.41
5325,251667.6
800,226613.92
1438,149513.73
3953,152537.41
7135,292522.89
10371,186733.49
709,130907.24
4836,252956.1
14709,234249.86
2216,240289.34
11948,227030.81
5221,223482.77
159,322904.16
15775,151708.79
4818,214538.16
10222,238507.6
9867,213855.1
11763,299796.26
511,164870.78
9337,172626.23
15529,284364.12
9134,179308.3
2759,127673.59
1458,182498.05
13261,196289.02
11772,147004.1
8107,260854.49
13847,202016.71
14414,419681.83
12833,100198.55
5282,278913.18
13760,230768.34
430,187957.52
12580,180024.51
10985,412610.17
14321,138721.09
15960,381311.45
4803,233944.38
6741,154100.09
4046,179149.97
5060,260635.86
9593,288676.0
8088,239885.66
13888,186379.29
12065,224052.22
13336,179288.21
2449,193509.66
7499,277846.75
11082,147864.03
211,124557.95
11469,151452.7
5452,149070.56
7732,181054.08
10080,212016.54
15088,166482.2
6112,205090.28
7903,263487.0
2249,189459.19
79,178739.18
13941,153159.35
6693,207953.46
1156,330413.95
3877,171280.79
2864,168427.17
4519,134584.86
4712,142170.89
4642,185964.11
4766,198064.49
2429,270508.78
12013,225207.48
12309,237033.04
5505,126120.33
13711,178150.39
10483,349774.77
1648,230772.57
9391,200467.12
699,211354.94
7034,315475.22
10415,330589.45
839,196419.59
7602,204183.8
15682,364577.9
16354,375882.63
13686,169711.68
5026,197508.96
3081,313363.1
5009,179725.22
4173,390414.35
3228,170443.58
15482,337561.38
5700,212761.51
6252,201953.0
8207,91878.6
2984,144618.65
3507,394379.09
15950,98291.47
13377,262075.72
15594,187438.73
11798,213699.88
13493,163490.3
4976,183552.9
3771,193326.0
1107,167243.72
16171,335178.55
15257,192454.59
6221,216606.9
4936,196815.82
6343,183329.78
16109,210942.5
15352,202910.89
9489,198486.77
14029,229637.88
4879,316873.4
6828,144516.46
11950,93675.77
14964,156169.96
9074,168658.13
10514,223943.65
10702,188225.31
3476,189483.03
15469,318593.96
5608,178799.25
13446,504404.6
1683,209403.3
6759,123907.96
186,227015.28
7822,71299.96
7017,321724.37
1944,238553.94
10515,255003.42
2824,239961.35
3649,169082.77
8228,217938.84
6599,379950.41
9165,180771.63
12316,273146.14
11720,189940.14
13943,176892.1
15315,125096.09
14812,338629.85
4799,360298.61
2600,294227.5
5724,112707.85
3033,316658.91
2985,163850.93
8885,149672.55
12691,222547.89
15079,166569.38
14599,157978.47
7681,230873.45
5849,171679.07
675,198935.76
4343,145159.69
3122,239089.74
16602,177579.02
2211,188813.43
12965,154291.93
11016,72860.65
15756,166450.93
16151,139278.28
10746,130076.9
14130,166845.48
2231,187527.68
12325,221923.97
8949,290174.61
2859,128654.84
6797,234012.8
5793,305939.69
1000,279390.14
7364,154433.1
13802,239731.03
12755,320638.05
10782,173779.52
13169,97476.66
9007,330904.59
2118,179002.6
14517,203340.82
3001,156678.26
11913,149773.93
4030,184128.13
5323,172990.35
3572,156559.09
10290,167093.19
15321,338547.47
12795,160849.27
8845,305555.12
14559,207601.05
1435,333440.91
6180,188502.01
10590,196727.56
3889,162866.05
13160,197926.42
15254,203920.61
2436,150412.13
1770,237765.23
912,349857.1
12385,154395.48
2188,158057.34
13444,318195.63
11487,248923.6
14836,337036.94
4923,101948.79
15779,135011.37
8900,206551.26
10932,182222.44
6085,215438.12
6762,108748.97
1005,352799.47
16552,177622.14
13248,283569.41
6580,192931.13
10706,253459.84
8539,167120.78
10743,291729.08
9243,114649.67
10609,147480.36
9638,214051.1
5399,251883.02
1222,329619.51
4124,207421.97
2131,198243.82
12869,328303.55
7899,141024.84
3251,328030.36
11088,192382.51
14653,248832.63
3010,260256.48
12160,222694.22
6288,240304.36
14890,203602.36
13437,173431.51
2385,204385.57
16650,178330.3
10159,182322.63
7940,260896.49
12953,358955.15
9803,321319.22
14247,221700.88
5251,132135.3
14337,239430.89
9967,167622.1
4618,131762.54
15378,356144.66
8963,179522.96
2472,207890.24
8736,111458.37
14823,116401.86
8675,189993.49
13596,142418.09
16487,131278.45
12629,222860.59
11965,192328.17
4136,373664.58
13012,171122.08
5309,212736.81
517,342293.41
9553,162646.46
10120,151677.63
5991,260197.64
9862,156484.0
9420,170603.88
4968,232730.35
11904,309432.17
15824,167310.11
9365,121497.22
14879,190694.81
8205,230788.46
15184,138821.04
1918,241193.18
16013,270308.27
9802,185147.31
13752,247001.19
16156,181316.45
5194,93624.38
2746,378024.37
15982,230377.19
5605,233975.68
8288,240960.48
5707,397374.33
7933,180579.98
8324,230368.62
2506,162831.74
12293,148855.33
10551,168497.63
5346,280136.02
4197,238986.65
3237,144930.98
3390,181156.48
9751,176149.67
1391,238351.39
1928,211191.01
10992,274903.78
6792,360038.37
5663,192433.24
13280,228067.93
5218,72171.67
16748,260080.53
15835,273527.26
14850,194720.35
1359,176762.19
7428,209073.74
4201,84897.13
13089,78606.02
7182,159110.31
1467,444746.35
9829,204203.86
4344,197959.4
4129,157491.85
1905,180610.17
93,292838.42
8320,191713.7
12070,189619.85
8290,215364.93
11005,280357.77
116,237803.65
12275,298884.05
12588,464874.41
11378,165193.84
10961,230210.63
10251,216682.66
1152,254593.48
12167,181912.22
11569,206624.58
4141,384538.29
7614,116816.58
13805,85073.04
14680,158168.86
13543,366069.25
6786,186398.16
13529,193772.87
9158,101087.23
5360,187861.59
6098,240291.96
11174,224958.98
307,171961.69
1892,180171.76
6948,314508.71
2227,148658.92
12790,253976.3
3653,181127.23
2912,250406.31
16735,107579.77
5446,179840.35
8532,230212.15
10311,328878.76
10051,188274.42
918,170113.05
2766,148659.89
734,194832.93
6882,384510.21
15971,177030.0
1735,319928.8
442,180504.46
7228,232142.4
507,201519.25
8461,234272.67
4514,272073.85
4133,100903.34
14803,181264.57
14297,255099.21
9924,233617.04
13797,313604.36
8497,277462.94
8729,128324.77
16046,161336.42
15087,168821.11
2874,178057.76
7415,226621.81
13893,177561.92
12611,146171.79
7779,246161.57
8221,182247.1
7790,161098.27
12728,392397.62
3372,176053.98
12845,180079.65
13107,272967.83
2475,216509.88
5820,158923.52
14505,111619.9
382,171569.08
1339,148680.76
4940,216219.74
1481,70629.44
9025,281246.75
14636,179020.29
10668,122214.27
2025,220731.53
2910,181250.83
5836,205980.23
3444,131993.92
11165,236745.06
16000,190468.15
5281,377223.87
15350,283755.74
7321,213553.58
2863,254608.2
3563,170955.75
5094,223484.61
1027,232764.85
7953,196082.02
1788,209111.76
11061,180821.95
1839,318830.92
7766,195098.46
2250,220065.73
14701,150823.61
13149,267369.49
14040,191445.05
13370,247985.91
9312,372173.49
10493,154071.5
11985,209129.91
2698,237548.51
4659,176429.42
3002,151507.51
4795,256045.13
3986,126804.09
1753,444664.29
6681,207778.54
14801,209812.06
14252,262711.98
5017,141151.16
12267,277293.17
10681,177083.59
10800,176592.62
13910,158150.93
355,204360.44
12255,165458.8
10435,210264.64
13840,344132.84
7656,377169.72
1659,184013.66
2333,160796.83
4580,292169.48
12699,80798.87
9974,158724.06
14083,267405.38
15347,426976.72
1473,252000.52
4984,246420.12
9203,182629.47
5806,174060.36
5590,172343.79
4509,272252.15
763,232040.03
3067,300105.2
1143,313339.71
15403,211066.63
10793,183189.16
4849,76462.06
10717,180946.57
5430,175016.4
5874,390776.61
11286,202225.74
4407,128125.6
11998,228450.98
1131,182837.81
11920,236043.71
12404,335485.1
6552,199740.71
8459,182992.41
4704,234482.19
13883,179648.43
13830,169597.09
13273,220064.85
11323,149048.28
13257,122090.76
15846,196762.81
9132,304982.15
2909,71324.63
15927,177133.72
16500,268140.25
15974,163739.99
1278,183349.27
2893,199709.13
16128,181149.44
12794,213147.36
1341,333915.45
9219,244366.88
2982,182935.65
3113,162610.27
14358,178871.78
295,174542.4
732,292864.88
14926,167501.31
9155,429927.29
2045,175908.84
3879,340644.22
5361,354299.64
9750,446153.26
1711,206891.87
13269,152795.26
7020,182850.97
832,172217.66
4009,203848.58
5184,288881.18
13844,189278.4
12471,278946.66
1294,210564.33
6058,248566.51
15614,127596.31
7214,241765.66
9841,206483.45
4639,220115.79
5018,177060.59
1139,183682.82
2896,119603.75
7987,171517.92
13272,247757.04
13454,177557.81
14287,155613.03
414,362336.81
1524,121128.12
5818,129068.01
973,172151.16
2888,255613.29
6269,354521.01
7343,156069.74
14834,194942.92
10672,290443.54
2595,220998.99
12843,177775.58
8973,124435.32
13539,402089.8
12351,127813.47
12322,187043.82
13659,516647.89
14758,143276.45
14157,199145.25
9874,133660.31
11513,137102.19
5034,178230.36
6779,292532.6
8009,287255.75
891,274526.97
6663,197704.57
11506,234937.2
4740,260860.11
9254,302890.29
2609,207774.93
13601,127851.75
3862,204745.37
16490,204589.92
8819,189203.95
6836,182991.7
16232,180140.99
15988,139559.27
6009,199513.74
15339,165244.15
2953,124896.38
8340,194514.05
8723,203180.15
6760,256840.37
7960,134741.46
13358,364287.87
2009,74811.16
9977,195631.42
12445,331578.46
11130,256564.7
9205,344898.55
9078,224195.13
8317,162953.21
13108,288698.4
15196,203178.05
12406,147966.61
5946,128556.99
5538,230805.34
16264,234669.22
3752,220990.4
13995,180813.0
181,262273.37
13304,200515.86
4262,222208.56
11552,195309.45
817,315124.72
1198,206384.16
16535,67145.08
450,186409.14
13207,182143.11
1551,192547.49
250,212024.13
11528,180629.77
16350,182467.42
4573,140933.94
7990,380087.67
2372,205016.64
193,215131.62
8713,218431.14
7617,306563.52
1215,137743.35
3107,212180.97
8756,109850.95
15942,143612.57
7540,292658.37
14629,142691.12
8109,218152.8
10816,450460.44
10205,344902.87
4462,217300.82
9908,170550.01
11376,207117.31
16108,216328.07
13832,133243.3
3744,215191.92
15265,141390.18
5422,376586.07
2941,185306.33
15866,158148.53
15172,327598.49
15904,207496.59
5679,235748.62
5825,272465.22
3958,330696.75
8591,273453.13
1475,322592.79
2397,246444.62
12419,243058.7
7533,148214.05
10339,246815.48
8760,163504.73
13040,123671.02
5620,174010.38
4840,164427.42
10464,183072.93
7543,186402.11
1320,87073.07
2272,108772.85
6550,120164.86
4518,281325.86
2340,252290.29
1484,242511.88
1233,170423.6
12897,287778.44
15344,196356.77
7061,199002.23
13807,196007.74
487,185539.29
12297,153748.19
13452,190614.7
5624,186725.78
4483,124235.07
265,154311.2
503,211620.29
8919,253829.67
3102,125823.46
5190,357923.94
7699,189219.91
15080,213795.61
2439,268346.55
4387,244025.48
7427,140301.44
16056,175548.54
14546,362726.2
12353,188888.98
6991,130435.55
18,254576.67
459,272227.61
433,259357.85
12001,357946.22
4428,123311.96
2650,145812.01
5652,132138.82
9455,450243.8
469,283632.4
14997,239425.6
624,144510.01
798,222356.93
12317,126402.21
9011,214276.87
2923,402513.21
7130,158500.41
1616,123221.96
134,230201.99
7463,339547.61
15732,333378.36
3275,282421.43
6621,199632.56
10570,199772.29
6105,167910.08
6858,208794.87
1929,249365.68
14583,128286.99
354,207502.45
6378,154402.6
13192,78104.38
3602,409015.46
9148,276944.19
5459,245742.6
12800,235721.76
11077,210514.91
7301,396745.48
10775,319209.92
15009,157108.32
8770,308703.03
9996,279604.07
6810,171523.77
11364,237932.79
7252,130333.45
5910,218308.0
13187,292146.79
14678,185212.74
426,181862.66
4099,210476.62
13496,309605.51
8005,197566.81
9467,275168.08
6732,159271.05
11617,138858.1
5439,205180.47
14195,145898.11
10131,242127.12
12788,159697.68
13988,383328.9
12153,262343.57
6270,279911.18
10988,162288.85
8,323607.28
146,268361.07
3764,434568.2
5118,408530.5
11023,199444.44
2951,173702.9
10101,173225.31
4729,209938.93
8148,185936.32
15305,385954.47
8325,179798.28
1935,401582.05
2839,151228.24
1845,163763.5
2842,199367.18
14019,196671.01
11188,261267.34
15199,137575.9
12563,156787.27
5231,325873.39
7555,183487.5
10436,197984.79
14610,403117.25
5912,239240.82
12443,216253.0
15918,185406.03
11051,329632.69
2714,251024.16
10766,270751.4
15508,190238.21
12118,300790.22
9160,170020.61
12019,176555.2
12062,227903.77
9176,296475.18
6135,311567.47
6563,151182.29
5962,145709.73
5783,313640.23
2580,196727.57
802,260788.6
956,297393.95
8690,198058.88
1228,190856.25
15046,271138.73
5603,278031.59
5199,166470.2
3842,166602.11
7671,381122.72
5214,106741.13
4381,378701.61
4620,232937.49
6289,290645.78
2692,345042.95
9671,385174.07
10115,177600.73
3164,295714.76
10277,173948.57
2836,167299.62
10486,125104.23
13313,233749.75
928,214057.76
12266,216855.9
16085,166876.45
2260,171277.79
751,380877.6
5943,335956.03
10141,143167.97
337,167222.38
12212,176941.79
1910,198244.09
13403,355525.03
3061,237114.83
2733,128748.96
14115,185831.91
2446,229174.07
2183,244947.08
1926,252574.21
6044,342563.67
6783,198927.96
11437,169730.54
10625,329126.46
11817,237621.16
10545,296251.15
3133,171090.9
2690,170412.1
12705,196508.07
4707,181819.73
8509,405113.08
8065,144611.54
14342,171616.95
7809,88798.5
9403,169094.35
1874,147203.06
14313,154026.4
16466,181379.21
10740,186914.75
336,236726.35
14024,186323.03
11170,314520.78
4606,213892.09
12470,276544.42
11636,204840.65
11761,215280.61
4609,174807.93
2330,284809.81
14557,284185.73
1409,189434.04
11189,128668.61
9899,151556.17
5032,121712.73
13387,228341.1
7565,171520.29
3409,180266.19
2898,233643.23
6632,192700.53
2029,214142.37
13254,103367.6
1663,171992.18
16706,482873.04
1723,200689.79
10023,185433.13
11903,163046.94
12450,196328.27
15580,111069.89
11011,139538.44
16756,128286.82
13366,306042.94
10440,162062.29
13961,131853.88
3015,172166.85
5648,220428.88
11547,263506.01
12886,127081.67
9198,130141.03
12434,253193.76
10605,231620.25
11593,130737.63
866,107645.11
14734,103385.74
5038,258714.41
5702,296521.13
4937,347736.77
11820,190659.39
106,180320.51
7736,202551.27
591,151526.04
11462,160342.92
15858,249296.51
15205,281394.25
7607,236024.83
3457,169698.41
9129,156189.68
4161,176738.8
13565,145036.65
13575,119188.54
7522,303607.26
1419,240984.16
13109,255942.46
11539,202175.62
15627,126331.65
16080,235528.65
8818,153923.34
15655,262155.86
1649,68655.28
7741,190820.68
15168,232836.77
12810,330318.47
16689,176958.18
9976,151764.11
907,185328.41
13986,333071.67
2710,300955.56
12889,175954.8
3214,144391.69
10022,382475.71
15217,171805.24
15719,151570.59
4515,144308.89
16716,125482.53
14523,207304.26
9989,412540.31
13618,87004.42
1158,188907.78
15397,361399.55
11680,174973.46
11329,242863.28
7431,276394.55
4539,171028.38
8543,157342.66
13784,245466.61
1073,327258.97
5334,212984.5
14316,224688.87
8350,196396.85
2838,158412.93
15543,154113.52
11933,315412.43
2932,298204.85
5859,161284.47
8102,157717.22
14265,154168.44
11906,395318.73
11418,202138.58
15990,203991.63
14498,166159.89
2076,77275.43
14742,179167.69
14578,132645.71
16733,129198.87
10126,204225.25
8331,399092.49
12233,179958.76
2695,268585.03
11610,276819.47
6902,152585.1
4109,174991.38
13330,189016.39
3320,182429.56
9,133575.35
16231,144628.38
13771,142402.34
1778,194638.53
11730,200018.78
3543,219898.08
423,275761.68
6957,160618.26
12076,235295.96
4974,209851.14
5546,237358.22
4064,207745.78
7924,264340.85
6776,165920.49
7410,162387.6
8956,188863.5
4709,176893.74
11148,119959.52
14788,131073.55
12876,144369.12
1596,222197.75
16214,392700.48
8752,150609.54
12644,172483.01
4198,106305.42
15592,162972.23
10685,175631.2
14466,323125.07
16434,232334.92
14341,189530.82
12708,153912.28
13262,425846.23
11318,207679.82
2033,201547.9
15857,263858.28
16554,311300.53
10771,258675.62
15708,165465.63
11637,150140.22
2870,209710.38
7582,208260.59
9739,279602.6
9342,315154.45
6338,234263.95
13046,168504.53
12579,126759.75
6342,301858.75
7160,166699.74
1324,190520.27
12991,193124.96
13756,134714.27
6019,188183.84
10078,244661.15
2343,150917.17
16275,213160.59
5696,440694.01
1,251738.43
2248,244611.77
15628,144629.09
682,181780.5
14884,196644.3
11031,297511.84
4001,198032.3
8533,125043.34
15147,179312.39
12747,142184.17
13168,196804.19
12829,211009.62
2675,281090.15
882,136728.95
14577,196951.59
7264,147055.58
13799,223230.55
2219,333438.22
15208,291371.7
9178,174975.32
9876,246693.16
14506,167703.59
1695,154888.54
6661,144894.5
12200,200882.64
7963,214041.28
3209,184055.28
8164,286162.49
7584,271197.83
7873,279417.41
11212,261385.72
13736,195139.8
626,215796.5
6284,272909.42
13728,180937.98
7099,304158.25
1618,300762.59
7201,183009.27
5902,175319.98
15739,270222.25
9546,114006.17
9505,166480.5
7818,346408.6
15324,296545.51
7289,163973.11
4548,258015.43
13058,194214.53
13623,163999.97
2668,175048.22
2799,174861.76
3867,307127.34
8658,133433.89
9543,200815.26
987,414507.97
6209,156384.76
7939,157411.1
16478,340940.16
4258,153046.66
12738,341559.74
11027,122523.78
1741,160268.94
16198,190889.58
15975,259821.95
9224,144462.17
16792,150643.29
11729,203634.32
13121,245914.14
16528,169934.85
15677,360003.3
15433,249011.27
4,191067.05
12408,217523.63
8441,180411.63
1624,213488.08
16449,151759.18
6872,221922.27
12271,181803.45
13396,177814.88
15833,375515.26
1105,225633.96
4106,147306.21
3031,444989.56
4546,170699.45
8258,68965.93
9946,252321.43
8027,228897.63
6337,128765.96
10342,191144.88
1885,222614.55
619,310979.33
3531,145259.89
11357,189576.32
1380,196024.22
5691,183957.11
14780,356812.06
3930,265300.09
3148,414956.37
3830,128618.56
12670,111679.56
14274,244152.08
3438,300113.48
3242,128822.21
5470,241060.34
14237,197453.14
2431,270671.58
1425,149370.19
14227,399228.55
7009,198231.64
16024,206919.72
7330,223478.68
12378,246306.74
10378,317126.53
6926,314368.99
4027,208638.21
7435,184371.85
11299,198474.41
12112,209812.79
4723,294141.09
14224,194179.34
11300,203517.34
16124,188234.76
4988,162069.54
8019,212272.06
4036,142281.22
2075,167560.38
14593,165298.66
4499,255453.14
3685,382899.64
2168,238383.38
8263,183007.38
9242,202518.42
14855,273310.36
2800,321181.8
14715,338212.31
12729,249861.09
14683,251343.02
429,340154.53
723,204806.51
8170,229816.88
2770,137917.78
14395,182642.44
12326,201065.6
221,323415.26
9448,163871.03
1593,183177.19
8962,126616.46
11068,346967.1
7896,184679.27
758,143963.2
9252,196491.01
6077,160487.57
4186,296883.62
8220,264312.53
753,160888.6
13063,206702.0
5728,187035.01
10817,212057.32
7868,366554.15
8580,176460.32
11100,182148.7
1003,131902.76
4779,131867.49
7121,180355.74
3946,215048.6
4426,179830.85
11309,131503.54
11285,312470.33
8222,126582.69
1189,128214.55
16356,186377.66
446,194527.78
8530,231930.09
14289,184454.51
16009,238316.04
9692,250877.77
13489,242682.29
13010,183610.43
6083,105132.77
2707,145695.38
5898,239670.92
12994,183582.56
8796,138976.8
3009,131421.62
7033,275017.82
6615,131240.11
2235,146901.51
5565,178072.64
5869,115892.7
6384,192230.09
1001,208669.71
11540,219009.59
13967,186307.77
4097,193229.44
9993,239175.32
10166,246625.38
15928,327935.49
14584,134315.86
1962,348421.75
10363,179786.25
1097,83623.62
3430,184056.5
1672,205866.56
9195,115050.97
16193,168878.05
9076,277095.02
13030,182537.05
14459,142857.79
8470,148378.2
7810,276507.87
4342,133886.84
8551,166972.31
5555,439110.42
12190,265816.79
8875,172743.89
3179,232500.08
291,221346.25
4549,435415.45
11486,202834.19
9349,266828.79
5305,177359.52
3379,327619.0
12593,407219.51
13712,169646.06
12847,176188.95
3964,207804.08
13981,244810.51
2538,176476.29
14764,143619.07
6147,142630.81
16693,166247.77
9398,204554.05
13554,120974.34
11054,369309.07
9462,117878.62
1528,191809.44
7096,312834.59
8993,182858.39
3738,333296.51
15096,248628.3
97,348122.56
5701,330570.27
12401,208773.85
2113,377629.71
15724,286479.85
15692,179336.6
12791,233657.05
10747,222957.28
1730,132049.99
5010,211790.59
10173,197365.43
6771,164521.26
6524,205240.76
6995,340526.09
14303,196769.83
1274,89201.93
9095,159906.47
15435,123411.49
9363,182748.0
7913,396987.19
14286,207518.08
4759,194882.68
8674,196569.49
12459,234978.96
436,169213.17
13586,204115.77
3231,332360.12
8124,159944.05
1226,282812.28
6887,191044.94
8855,261565.14
1768,127203.68
1630,194886.43
13293,119067.5
5705,198857.95
9067,173588.86
2790,278814.28
15012,161882.06
2411,262421.29
12054,176885.31
15653,155842.16
278,191133.53
1828,135834.32
7031,128806.26
3906,129594.04
13027,113044.65
4505,250252.58
3927,213094.8
12396,187010.23
6394,281046.4
8922,230741.11
11446,235310.3
7546,301503.49
15150,175329.46
2988,262595.63
3077,98314.54
2111,179740.13
10235,147002.81
15784,258368.17
12113,200422.83
5645,203245.6
9326,280082.91
12895,426389.18
11733,329117.5
1201,151333.57
5253,304114.07
16547,185084.74
2378,196073.83
11477,119243.91
1984,192288.07
8806,316618.99
16722,183352.48
7893,212832.1
8821,200790.5
9816,198352.42
5133,251273.14
8377,304210.62
7319,144984.18
2326,201846.31
3492,252872.48
14868,231008.89
13464,190816.0
1137,173058.03
15733,201185.78
12108,252107.45
2564,238387.73
11080,240856.25
9084,174547.37
8744,172101.63
5915,174005.04
14622,183262.43
9818,335416.27
2376,249468.88
16788,166374.82
11363,189293.19
14256,188276.86
3701,172190.24
12627,96660.78
9235,142427.39
6012,202147.89
2189,320160.82
14736,177699.9
5252,85063.32
16708,168592.39
320,249352.39
6943,150669.76
10548,236004.41
11356,330913.07
5855,253748.53
10265,274266.35
3325,163609.05
10243,217244.89
5549,202754.46
1284,176701.33
14510,149290.91
12488,125482.2
12089,398066.65
11715,284578.24
312,126907.17
3700,192021.28
10028,372689.49
12374,274539.97
9624,325628.4
5232,430571.41
13763,229314.52
2774,203145.29
12312,158289.11
3288,252281.53
5404,205817.08
3555,194347.04
3070,241103.55
12879,167657.7
11402,149027.66
9345,151102.54
1045,238442.27
16544,160446.1
5409,196524.88
2787,258464.57
7055,204132.07
2853,264593.13
861,185202.6
5480,224275.72
15178,71918.69
13428,450040.17
7564,367554.17
5974,360686.35
16292,181010.64
11066,254280.57
5265,250313.9
1966,138715.72
1142,153012.33
1721,200903.2
16606,254741.25
7992,191816.94
3304,147892.57
15181,204915.43
14750,226454.52
16207,228928.12
14087,469454.02
3359,220602.69
5926,228840.09
12703,292870.14
15813,135778.66
11697,251915.09
12548,159227.65
13249,352448.57
15248,423163.44
15847,163359.73
3939,212234.99
11961,202516.97
1358,228255.65
4604,166221.24
4357,160818.87
5763,116370.3
11193,178267.02
14327,171305.97
10750,85986.68
306,181181.16
5043,187498.57
1343,140765.92
8981,125017.2
8809,195296.49
13563,358743.71
8617,200177.72
5398,169231.57
12061,185615.59
2246,186383.29
1976,432034.96
1729,181557.02
3980,214988.59
14213,187145.85
13944,186696.86
2321,244908.8
6624,122563.57
7751,181740.72
15418,164288.62
269,199147.79
9075,153332.26
9636,253900.37
13367,307064.32
8808,182794.52
3260,195409.34
13959,130017.26
13741,347197.38
8198,147560.83
5957,163030.64
14778,320880.13
1202,168539.29
2547,192800.36
12749,176671.8
9547,183394.74
12617,184884.22
2606,283830.37
1350,480525.08
822,194807.15
2778,204365.51
4870,143176.4
1985,204042.58
12634,170864.49
7494,172587.78
10397,201066.75
3184,205481.28
875,172140.73
4425,203962.87
6285,204931.53
10272,256747.27
4413,171343.09
10671,435726.76
16477,208250.56
6068,239541.39
3085,279346.31
5694,119995.74
13369,183770.88
7268,352161.86
10542,170285.15
5755,388272.51
5152,84721.63
12310,406264.29
7778,185426.5
12539,232413.52
13140,321209.31
2991,471565.45
6763,203174.95
9780,327068.4
14402,183830.53
12143,153928.54
15306,171919.3
6408,172565.89
14645,235512.6
5708,352612.18
4461,172472.57
2649,240833.5
10758,472134.46
2495,165427.05
12117,229391.44
6946,202599.87
12901,137710.63
15637,210478.42
625,322430.8
3028,136811.91
12041,136315.0
4885,167104.56
7232,143217.77
1897,224381.18
10380,228212.53
13762,141356.57
12954,145795.06
7621,174885.63
5067,166318.22
1851,141451.23
5042,117027.27
5170,276411.52
5454,170324.56
4423,211052.15
9137,300366.21
1200,170185.04
1134,174871.79
2363,399722.23
8946,182911.48
10223,174018.34
834,304334.27
14667,217588.1
15963,208237.71
14232,164364.24
9549,154523.67
16132,147647.48
14712,318794.0
4623,322892.72
4089,243685.4
16054,318737.46
1805,326066.34
1138,350290.35
12929,197567.04
7529,112010.78
15818,196626.61
11222,215824.54
923,201377.44
10708,169054.78
8742,111374.29
648,215451.58
5287,373820.89
16378,271228.6
9837,343229.36
9653,184541.98
6568,173016.49
9930,212077.34
1823,444970.79
3194,171523.48
13453,284893.19
10226,241010.34
10301,213416.13
1186,200843.01
12857,151832.78
4883,190606.04
2854,191127.06
16744,269482.22
6559,216480.36
1986,190938.93
11373,215766.8
10019,195820.23
2322,147758.25
2214,179019.84
8759,197336.19
12228,477349.71
9563,276711.67
7271,307625.22
1161,133755.46
8436,173902.3
390,350737.31
2238,203666.75
15247,358940.9
2728,164771.81
13277,206362.78
6320,237317.45
9152,299928.81
14741,293484.01
179,174159.35
4699,358545.73
6726,142740.42
12516,150741.54
12405,186219.84
14354,238312.96
11036,258473.13
3805,254538.44
12287,256546.06
13915,175819.47
13935,189726.06
4463,310390.59
14057,167321.55
3897,138089.24
13602,84344.56
14652,199662.58
6533,191291.96
5485,221338.56
5037,176379.08
2179,198683.16
4786,235348.66
940,139831.97
13801,115228.53
2311,163218.51
15753,216766.09
7725,163319.66
14405,202383.93
13461,190276.02
14096,199908.44
15634,220335.83
11208,220380.92
8640,270955.11
13666,131776.53
9169,180992.09
5839,122989.7
5936,155743.1
8843,261735.76
10815,228784.55
12717,205083.96
8548,372525.06
8230,170737.59
11321,215603.09
9767,178487.32
497,181104.09
9143,161637.42
16166,425490.3
15231,169090.06
9568,216928.2
13185,123481.53
3594,203234.25
5924,141810.21
2949,186623.14
2762,220373.55
2017,243991.22
11116,227384.0
6626,221923.97
13055,175843.04
7852,172975.23
7930,180014.76
10694,126569.06
5922,267452.6
9209,290555.32
9278,219489.01
1482,190810.4
5671,184423.62
10618,181462.1
7303,159752.96
13702,209056.02
6451,251325.16
1761,145913.03
14567,217380.62
12064,180996.58
8526,236040.93
4270,152057.13
9845,203408.34
15987,248850.82
5923,217423.01
13302,231312.5
16052,226900.93
1613,258392.21
7662,266433.78
1705,185720.64
5845,145286.4
8873,166351.55
2798,121272.07
965,411719.05
1355,157761.45
16596,189271.99
5296,132162.93
14032,149655.46
2451,200102.83
15949,230696.44
4393,394245.91
764,171136.42
5317,195320.47
10610,165537.34
10646,158382.55
7695,171145.37
12743,100440.87
1837,216508.03
10674,179816.42
14979,211512.2
6683,237559.77
6587,172793.0
7266,171224.32
10136,135321.58
1048,205196.98
4677,196599.26
6976,389932.49
8120,174188.71
7461,319842.83
4229,181345.03
15983,128728.3
7147,371793.58
10409,240570.45
4041,206309.3
4431,283982.71
3196,236139.67
9825,241721.9
3284,144831.36
3838,152468.77
9183,168726.93
8100,250853.34
4922,179524.51
10798,109297.07
2873,219036.8
1952,175023.77
6474,169796.65
12695,203866.09
16195,134183.07
237,209503.33
13952,172812.0
11350,231684.94
946,181591.75
5985,160922.83
16427,192264.21
13937,236571.51
876,179053.1
14371,186222.54
5527,269466.95
9220,143929.82
11726,159092.84
2966,231951.99
12725,172052.89
12457,188865.47
16515,137617.65
10969,115299.05
12647,225748.67
3926,271486.31
4302,163290.0
2508,187152.19
8718,180724.61
7678,236801.52
12912,325578.44
5935,176134.86
4634,140190.9
6208,217803.48
7833,180402.96
6449,181726.54
10692,239674.65
2676,179493.5
6723,184120.78
16727,215794.12
5356,178796.13
13386,172444.68
7813,202975.73
16321,190927.51
5500,172950.75
1917,330775.27
11065,187628.86
2809,211301.56
4220,288593.03
16412,184037.04
14670,208516.87
12787,179194.53
3843,245237.24
5953,329288.52
16182,304938.83
1406,265736.39
16382,109451.87
11650,255362.22
721,165048.08
11045,296958.96
14478,179823.15
9214,254275.62
8615,247743.26
8334,254930.46
3389,424121.04
2681,102623.18
2373,256965.67
6031,202525.58
2452,164560.63
14305,197858.71
9484,187343.97
862,181620.81
3422,322632.99
304,235052.45
7697,362250.17
16394,130131.26
2882,227092.81
5600,187340.45
13649,210090.56
3440,197732.87
12920,81595.98
13733,156142.53
3106,203517.05
5959,202162.62
7748,224250.75
6345,119241.12
14551,183393.3
9496,265930.97
7180,323872.08
7883,204314.04
5875,150000.8
5126,328170.24
15605,225835.94
7306,168748.21
10020,175005.36
8909,378221.83
6719,199156.86
5243,182701.73
8971,127590.94
10062,258729.37
11962,230023.7
13462,216006.31
8986,150471.28
7320,274208.64
15855,341938.73
9415,151042.4
11908,197612.69
16582,182952.2
5573,298400.88
6704,179162.04
12499,214308.11
7110,143374.34
13600,384052.3
772,261844.17
5155,194593.07
14191,256341.99
3734,360667.79
2860,204340.03
13680,133574.3
9879,296938.71
5333,179693.2
5208,155469.05
188,185342.86
11440,187737.77
1165,127770.79
15559,165768.42
12706,174063.16
27,159958.6
4611,187152.08
12937,165421.76
16276,297719.28
6153,146952.88
12058,146668.47
14982,212712.63
15195,244928.79
778,211838.71
10769,133557.39
3268,215100.13
1286,183802.66
5450,304437.71
1221,257038.17
9940,180299.75
13325,225071.22
12270,239404.67
8822,228238.13
10897,179651.46
9330,233004.16
11984,198472.72
15056,256488.44
14954,257878.75
14905,198423.84
5219,216528.83
6613,223766.57
9139,144282.78
11456,168570.76
16626,245655.19
11247,178399.65
9972,219878.31
2631,148355.28
6526,110793.59
192,229494.73
14160,193084.8
7623,311575.71
5468,183711.55
11331,241949.05
3308,126843.86
16154,182093.78
7526,223284.79
10174,167841.32
786,323928.39
3956,351034.08
11499,195702.19
2105,217794.16
16065,186839.76
5999,90996.68
1060,256299.88
4805,357575.27
14876,236049.5
1411,175603.21
6989,182148.84
9869,321072.0
1272,236927.3
13306,177880.26
4853,268543.34
210,205715.78
4466,231058.19
2954,239508.99
11110,190823.48
6576,223807.91
10424,214986.96
14269,127795.7
7491,246535.11
2158,160764.0
7386,172509.63
10555,324054.19
13,188924.77
10184,127449.8
15576,150502.44
10698,211678.08
5375,191971.18
9089,207762.62
6126,317332.36
6973,159560.06
15437,207370.67
5000,289119.81
3690,191613.89
14190,174077.28
14930,175051.5
13468,159014.78
4658,298759.58
9111,466897.88
14766,126333.46
10291,191880.58
7295,198342.99
7394,338785.64
3936,228779.84
7127,425871.66
11822,291227.81
908,196565.73
3669,355347.84
15641,317341.41
7585,401584.91
2569,124905.73
976,168578.11
16111,153679.03
10258,167589.73
13075,330614.79
13059,212229.78
5893,245227.48
2308,241219.5
6724,196317.97
9533,172511.04
2122,125879.31
3047,175701.09
8558,149896.95
6977,353468.91
9526,194063.96
12127,216036.65
385,331511.81
13382,199876.65
4135,163263.74
10162,211112.44
6932,120384.06
13321,191660.88
3925,168478.55
14794,158020.35
15151,382207.31
7125,170960.32
12017,162776.17
12288,260883.56
5618,145410.57
14018,155399.73
16465,214762.48
5268,108675.83
14685,126071.63
6477,150086.04
6618,433445.89
12521,167040.16
14749,273674.05
783,155223.42
14120,182823.72
6367,327203.13
9493,200831.49
6941,99929.93
178,287810.67
15073,125226.21
14594,182922.79
8622,89795.31
3740,264249.01
3065,129249.66
11752,156652.74
9928,144976.7
329,199909.53
15064,144825.17
9887,172604.14
3263,190105.69
3493,181626.16
5424,178164.36
2560,182017.01
7914,360793.08
9969,226930.87
6223,167144.46
3043,259213.98
3147,168394.01
9366,178181.93
9907,161819.88
10532,278938.96
14417,172681.18
12526,188351.57
11504,142282.87
15999,250783.52
11879,318157.19
7373,233013.16
5654,343498.39
3495,212858.46
7307,135427.03
15417,197206.19
6505,167856.96
7213,155479.55
5107,312673.23
3481,170176.46
11968,399111.66
16723,173623.44
14963,199944.55
2314,122255.17
13224,200305.12
7759,150832.11
13954,233004.16
15957,359296.38
9322,250700.54
171,160219.23
6464,320873.2
12195,182667.56
3008,238900.97
11533,164596.69
8792,262646.96
13966,333689.5
3677,170269.86
10647,236556.16
10974,188117.01
11973,136113.2
12958,171516.33
9952,194200.37
15190,293674.26
560,364390.57
11684,314502.34
3366,133236.4
2163,230342.47
2229,159757.74
16643,332929.85
6554,202850.27
15889,196590.13
13411,234321.33
3818,251141.37
914,199257.34
15357,178333.88
264,206148.04
12055,234513.4
12506,295969.49
9986,199929.95
7200,405787.53
15970,160769.96
7485,203185.56
362,146124.63
2493,126769.47
7424,162052.23
7746,201683.95
62,178620.42
12124,339548.86
343,222171.18
2421,243035.66
16110,175409.4
13689,192425.3
10035,316324.65
15361,189417.2
10373,138318.43
16688,152655.0
9368,172683.87
3416,184989.56
10663,193591.29
5286,189781.46
12622,164116.97
889,210596.1
7471,155507.81
10154,178417.35
14789,155259.16
14818,231193.72
526,197399.35
11780,166001.32
7740,251111.77
9329,181642.61
7255,240251.8
16718,138767.85
14413,156157.21
8950,336006.83
7254,291399.74
5881,177094.51
16737,211984.53
9151,383623.96
9324,257593.54
578,192212.09
458,190332.08
2261,368552.41
4532,175517.41
10505,175286.63
12168,198120.08
5381,143894.69
8190,197924.8
7661,444739.63
2578,294805.01
4780,212527.65
1538,273101.52
14064,154749.91
9515,163977.78
1254,145171.35
2151,174866.98
3024,169421.01
9799,175738.52
10455,145432.95
13116,133199.3
2575,300495.66
7991,192676.11
11147,191319.74
12618,260262.93
11524,220921.07
12350,129646.23
9009,129590.06
1746,179209.3
2773,230930.64
12679,396926.55
5777,183287.16
9991,207209.84
5473,302405.12
2094,144295.42
12482,244329.75
9693,114112.72
6699,125373.54
4603,189925.24
4205,232620.01
2764,248521.82
1542,267887.07
11336,74032.51
13791,196647.34
14462,178551.88
7739,327148.95
14496,240496.68
5868,193081.09
2789,282875.07
4862,153483.38
319,180358.35
3172,192443.64
5674,180246.02
5048,204004.01
1245,348979.14
5906,183607.64
9108,167399.36
7788,197829.8
3315,207602.36
7165,209293.89
15612,212187.21
7693,68769.2
10795,182456.34
5659,202317.62
12551,347590.02
3459,276262.67
14301,201844.62
1645,127423.18
5529,336815.42
1297,152779.84
12463,229202.32
7141,145136.43
6334,176145.08
4221,357193.69
12383,254186.24
15622,175527.32
9199,170497.51
4897,166120.1
14203,130120.26
5349,140591.82
2531,146354.13
14935,137745.74
941,262513.84
11298,209732.09
15545,215714.1
7413,108860.21
6507,190123.49
5308,133040.41
7724,169290.94
14089,166710.67
5090,161766.11
15314,120508.41
15668,204066.68
14202,137001.54
16390,219742.82
1501,319631.52
16098,199897.25
4533,445183.72
11010,160563.46
8129,228204.23
3733,191332.3
7191,216116.76
5669,197954.75
10727,184455.55
2023,151240.34
6766,205125.21
1995,236808.03
6935,371402.45
4584,155591.42
9901,223552.58
16374,194915.34
9028,189626.93
7013,213977.22
3014,210434.8
7965,247265.44
653,182367.8
12103,196863.36
14000,343906.11
16101,240956.01
8147,248027.35
14304,180361.25
7371,156627.97
2779,191277.89
1781,222631.22
8516,134552.19
5298,191946.24
7948,222548.41
5177,163243.5
863,329186.47
8318,157845.62
15712,168015.94
8010,225742.2
7351,153804.15
7654,207096.36
1860,197276.21
16734,244871.49
2848,183247.91
4216,207682.76
12398,290462.13
8982,323862.02
13414,187962.86
3120,330950.35
6071,175140.67
7743,194370.12
1346,231992.33
11643,130129.66
4301,250347.54
16745,150976.14
8726,332506.59
13819,149013.96
744,179942.03
12094,233004.16
14004,197888.63
10891,275908.32
6736,200539.06
10613,282316.27
76,318463.43
1261,196535.2
6033,302769.06
16482,224967.83
3480,181871.49
4007,381263.95
6937,463756.77
6178,184514.44
14633,166618.81
9382,377289.77
11971,296559.93
14461,182989.19
2509,239552.39
10714,316502.74
14363,194119.86
4244,165710.85
227,168145.36
4498,258089.81
9453,146043.39
14134,236745.25
13920,311091.28
15077,285641.49
6680,126020.97
1899,391447.9
516,172000.99
3213,337244.05
8944,184261.16
3726,223505.51
6380,255801.39
12849,206260.91
12751,152745.86
3139,412417.64
13621,166217.19
7115,339232.85
4830,165537.69
10785,414403.73
4248,270726.19
2161,205578.23
10707,188466.84
13314,167724.64
3658,181316.95
1738,243904.99
11744,278229.33
7407,184984.46
5169,109088.21
3821,167740.75
5805,188787.1
1573,208260.01
12131,371419.98
15806,305767.47
11672,317314.8
3892,186368.03
11727,216135.7
16319,202648.3
5055,165070.97
14296,193660.82
10905,182514.13
2590,217649.31
4475,187731.44
3313,218994.36
2464,339746.34
12184,204213.79
14886,154572.45
1385,139605.47
15561,150227.94
9884,133324.87
9895,214608.29
16307,218919.45
2978,207430.5
6553,311382.64
3951,293733.47
1555,273563.09
8502,107016.72
15095,213869.48
7372,225910.93
4385,244017.9
4362,189720.72
13831,182950.72
6489,279154.67
3098,175852.05
6268,154502.45
11688,300965.65
12426,183236.18
13894,190207.27
7239,127767.44
425,341777.33
3425,112887.62
781,179557.52
6206,395352.81
6543,213235.73
13646,259276.93
1686,271354.13
10664,181817.0
13420,136759.04
14300,136011.87
10604,226071.54
64,205764.28
2786,194904.1
5622,205867.51
10123,344448.61
4096,220176.92
3502,171510.87
1758,127920.43
3570,148411.04
7227,183638.34
13451,180540.56
13668,252193.82
9599,260584.63
5260,329363.14
10087,201325.96
6075,277477.59
15227,425389.68
7864,202784.8
15836,126072.31
16267,192703.54
15771,257667.8
7644,274420.52
6026,196383.12
14857,209303.08
12003,205613.49
3770,145281.11
14196,294873.55
7468,150997.88
12165,364974.53
14233,128259.11
9126,157163.77
7229,175585.85
3384,245753.91
6401,266871.01
10877,274484.6
6045,188323.64
10901,252849.74
8999,244510.25
16355,221484.3
5110,394776.91
1474,160013.22
15023,261887.59
82,186622.32
321,230040.45
8236,410369.5
123,208498.49
7210,121027.74
8979,215455.02
9702,179648.25
9258,222549.83
1402,204859.69
15587,156269.26
14438,270384.88
9133,212255.65
9672,179951.73
9313,162281.7
1353,234817.38
514,212216.08
364,165360.26
1895,327407.76
206,381450.2
15290,214989.1
13504,195385.57
14673,144861.78
15642,264209.81
10729,195376.8
5837,421011.71
395,150115.55
3679,152057.86
7673,224242.7
7785,220658.43
10264,97591.91
7962,155702.89
11683,230207.07
15650,186791.72
4247,184303.03
14721,218963.41
11717,238978.04
5593,425890.94
7855,151677.63
5196,203574.45
4245,152285.02
11424,192638.82
15203,179928.72
14149,183245.56
1352,200288.95
16135,208380.93
7054,131520.02
2044,278215.19
1503,209117.58
14094,168961.27
12235,181698.06
8189,481481.19
16588,278552.96
9957,165128.52
9457,158838.76
3199,208877.76
10789,191414.41
5262,184393.38
6854,180093.32
969,185116.14
16613,177223.86
12748,252498.58
13926,245364.5
7390,321785.62
14971,184351.65
13103,267268.68
3616,171394.58
5860,164074.65
4162,204182.67
12144,180170.0
8544,338373.09
3238,185788.7
3341,269520.86
12864,252569.92
9101,160204.06
11325,194851.32
3180,189942.95
1965,256192.55
1893,412082.78
12668,190868.1
15030,109772.7
13404,81541.81
807,122074.54
8515,311989.13
4695,123203.31
4761,172589.71
12203,119540.57
5347,168576.0
13399,354470.62
13858,159152.33
12505,228033.01
2442,333056.02
15245,311695.24
9898,114138.36
11651,154157.18
6259,143957.85
10520,366429.48
13599,151093.43
9694,231554.37
12220,332885.18
1529,119681.22
14853,212249.19
16750,176971.1
3630,135146.67
15943,195781.85
13828,368274.96
15618,119721.86
6130,181097.5
14219,167943.74
4276,218480.81
12798,160645.14
14215,307654.79
6290,196282.87
16625,186760.52
4067,247270.29
3552,197662.9
3804,181625.02
8465,232906.75
4395,219411.38
5682,232456.77
14241,204947.08
7489,130956.86
12468,166615.97
15608,176137.17
16783,283429.81
11500,308723.31
9154,188904.44
12474,160573.07
6620,251629.11
2334,284536.55
11545,173134.23
2981,188512.01
932,128339.39
3466,110986.75
16367,157360.93
7737,217933.86
9122,139762.54
13015,203101.99
950,218465.15
14806,187015.88
7354,180138.03
13706,241288.68
13993,325313.8
10577,148499.12
4592,212737.52
10295,135855.52
16432,316905.4
6453,149240.9
621,325821.26
7114,274009.02
6310,200224.82
12769,142265.59
12078,188847.58
10073,150891.18
11732,152944.51
3146,227549.2
15028,149974.06
6718,216789.73
6256,167829.99
14217,259691.93
506,184992.57
5013,267742.39
5302,149938.36
15453,152252.2
14535,265405.2
8160,236426.17
4075,136436.19
701,257557.73
5807,194841.48
8469,233014.51
419,244233.06
2524,242706.49
1633,111294.04
2729,210539.09
11838,158245.6
6052,143042.08
1248,388926.82
6677,205832.0
1347,313684.39
8673,136570.47
7848,202156.26
2024,242104.13
8410,173865.32
11855,401784.05
16426,201698.69
1129,368196.35
10596,202992.64
12640,146111.33
1415,101355.65
3250,204636.24
11081,152282.28
2767,180573.92
2638,133677.16
5377,226707.5
5436,181241.02
10215,188899.9
2662,123176.73
6476,177757.52
618,142874.92
11895,240541.99
2292,180044.64
30,168178.8
1988,200576.72
13093,245337.37
3786,90122.85
7481,201434.35
11379,331153.18
3352,294041.3
2828,266857.55
10888,313347.97
1119,216584.85
4848,221450.4
8265,116294.19
4774,135459.65
16659,238910.56
845,319460.67
8002,275447.99
4583,247700.13
7640,224653.9
2132,372685.73
15218,179893.92
3265,221067.14
10552,258820.43
11551,191175.36
6955,125871.64
1802,153556.8
3258,192598.93
3929,140150.37
16647,121817.57
15419,143247.28
375,198641.75
9666,336132.34
8920,180746.32
398,302470.0
9583,105505.3
12655,207989.11
9282,190618.32
5057,372688.16
3279,273289.71
7187,102125.75
2428,125735.73
13916,341163.18
6406,179395.11
4224,123580.07
9906,285684.13
11094,153706.61
15896,134746.42
1397,362597.12
16704,433217.38
1816,154240.38
16043,159626.33
10670,204366.35
15967,232180.49
8740,277893.65
4110,184377.45
6402,215391.82
7551,129252.65
510,243655.92
15664,328824.57
4148,212011.83
4023,249487.38
8560,304896.59
3715,193960.15
4902,258529.71
6461,180904.91
8651,138977.13
9172,241383.59
14080,158112.35
594,149817.48
8159,498676.4
12700,234263.31
3932,144684.61
5651,164331.81
12525,167892.91
9621,116847.79
2166,153639.22
11319,201660.57
16032,206363.48
12185,217288.21
13974,260818.28
9683,270862.97
13655,325878.11
5140,141330.38
16325,249418.41
7261,194318.29
3434,236561.05
4444,276227.61
1804,111923.27
3160,138110.76
14609,120543.85
6675,213616.52
13984,383741.15
9372,152855.25
10929,214468.14
16208,302688.27
10133,127028.57
841,137510.3
7885,243542.99
1331,191032.87
7615,231105.78
11503,179962.46
11509,119289.44
5581,118368.01
14579,180269.16
8994,203916.9
10333,164258.84
10948,189533.62
10014,138827.34
4010,318515.11
5393,129954.8
9318,184015.85
5635,71097.83
13478,165219.59
13573,192656.8
6218,147769.91
5916,189967.49
16486,338467.89
5615,180669.07
14483,176817.39
11307,177516.73
11333,168212.77
7762,209896.92
13139,254550.44
14538,186976.93
14761,259674.34
13442,256180.32
835,185771.48
15275,221465.76
13908,147673.14
15237,197557.78
15616,172315.97
12420,172269.27
5165,194614.21
5091,176978.62
14626,181759.7
16485,141296.04
12564,396594.51
11169,179000.63
14017,151237.0
4445,272939.99
7735,206594.59
10654,335333.66
10365,170033.45
105,302618.47
10878,260607.8
14639,276680.81
2756,188907.06
4364,154433.27
16551,196541.33
54,269587.71
10982,286830.92
9314,206407.86
7847,210515.24
8081,261793.01
1585,241246.86
10441,166644.68
16123,265874.58
694,231859.47
3823,241695.32
6967,252197.01
273,204937.19
15406,252218.08
16472,142002.73
4562,149136.8
10267,415737.33
547,193046.88
1166,361380.51
11390,131266.64
8021,153771.94
6179,135324.48
13134,297963.09
1407,174544.38
2691,168494.81
4572,144855.55
15049,169152.26
12669,169924.32
15271,408564.54
4535,243121.0
12720,175216.21
11689,131972.04
11452,78376.5
8905,186877.16
3650,192868.2
4728,317503.44
3316,201973.23
1241,161452.99
111,180699.71
16105,203997.25
3472,174299.31
13409,368533.95
10624,314440.24
2940,328654.65
11371,119983.88
15110,176307.4
13589,290598.72
197,104695.71
8415,277562.1
5403,379996.02
10350,217100.16
13240,346685.55
4485,179080.13
14006,198927.93
11324,188941.54
13713,215205.58
12346,286916.05
5312,124920.24
8968,162964.73
8954,204494.85
2974,167933.6
4600,241968.64
4306,379327.63
12081,221900.21
6909,208728.94
7064,237293.18
8180,252315.35
3969,124297.75
13475,154263.81
3882,435255.37
1024,181762.8
4200,235702.06
14852,197393.18
11570,225989.28
7902,132963.0
997,244474.47
10286,142620.39
5195,210882.31
9476,179606.69
988,208344.74
13581,196615.38
5240,225045.31
10907,231113.2
8878,201526.61
15228,333514.95
10523,198059.59
7927,390929.38
4867,215004.27
6325,118373.12
4625,155979.34
11253,366848.51
9922,180375.45
3725,115735.03
13826,317857.7
10612,235642.74
9196,297150.05
10859,176394.72
16397,165098.42
3509,461594.46
11334,402294.59
2858,244901.52
2924,229892.57
6924,185572.86
8305,201851.09
12598,249343.15
16240,242284.32
16357,116455.96
3645,197112.99
10667,341250.34
8754,297669.38
3423,197531.48
16143,208538.32
13473,323137.68
3540,333494.81
10448,390405.37
8295,206982.14
2610,167980.08
12916,101846.45
7946,244849.96
164,121559.58
12230,175230.54
5006,185033.45
6322,162159.17
4273,374027.38
14770,184082.23
651,187679.89
6816,203488.93
8048,183507.9
8910,231915.24
8984,466587.3
7782,138217.48
7950,278428.12
4215,190353.52
10077,250287.75
195,213413.81
11932,208371.38
8047,163527.8
1489,169654.62
11019,188165.12
8155,243544.43
11444,138261.79
6607,144258.77
15929,224880.4
15721,203774.86
6273,212339.63
3418,313856.57
9311,163170.52
11280,155757.64
6427,170275.18
12249,127445.79
14632,227460.37
13567,158599.54
2604,196538.74
13845,122598.68
12898,148352.93
3640,171663.16
11143,204548.46
6463,179358.71
5604,242524.5
6511,139854.41
6825,279578.2
6754,187016.01
2612,200948.58
281,191111.08
8186,187066.96
13786,181888.89
5040,375339.93
5856,193420.34
7853,158425.95
792,160907.86
8487,244267.81
15017,197057.95
1151,173311.26
6443,229219.66
7938,253457.34
2423,128221.19
6716,153153.0
7169,127864.53
9060,246573.6
7537,159136.53
160,160108.55
6954,165530.43
9501,375455.73
6811,336949.15
6174,129323.83
7134,237216.25
1110,120230.92
11845,114957.79
3536,172436.67
15856,203887.04
14071,173454.51
9316,266650.14
14916,168142.94
15912,312186.97
15115,215165.84
4871,203298.74
2106,202847.71
1685,111882.3
14180,244422.62
15431,140092.18
12365,189900.13
980,180918.39
3847,228723.27
8151,209509.6
190,187019.84
12116,343748.25
11295,338771.36
7989,171911.27
3156,359415.43
2990,143228.15
2262,264049.46
16435,207287.66
2427,244760.08
9438,151550.84
13252,184165.18
208,184435.39
11946,152667.06
4720,160655.94
13250,172237.13
10749,184265.69
12945,206393.43
3586,171956.65
13827,68977.33
13095,173581.36
11491,303592.67
12042,307161.53
9234,188866.85
3270,212695.91
8058,187553.4
15371,366168.55
856,178389.92
4929,167557.8
14199,114408.55
9835,182217.92
4816,293872.73
16422,203983.97
16617,247195.73
6113,224370.07
12320,231196.74
3346,144859.55
9485,241509.81
14335,301448.27
1990,234421.05
9667,163990.3
3637,182320.27
13094,175238.3
13691,109306.69
230,258827.42
6658,150066.34
4375,362202.5
16730,226045.54
11770,164019.33
10823,126944.23
8352,162021.71
15149,239138.0
11124,336081.64
7338,120452.77
15862,295282.42
14101,182370.02
1972,347042.11
12053,147105.41
12513,203527.06
4669,217015.67
3913,201883.72
12529,182696.61
3648,133383.74
4408,145444.35
9167,216768.16
3894,134091.74
8412,176523.6
8451,201059.82
4612,215955.63
15765,173927.57
5787,140184.11
13074,154372.23
10643,207953.37
4019,219897.46
14307,237003.25
12432,184166.78
14013,188444.03
14382,220877.51
15220,130612.59
11958,448675.32
11430,202657.66
9782,169490.15
7603,191320.07
7240,203959.06
5319,134848.47
3598,401903.86
15090,239335.65
8152,122710.77
11797,185406.03
15567,223421.55
3520,183435.94
13945,237728.48
2114,275152.17
3967,244743.56
6765,123096.82
11453,267177.09
13837,165446.48
1257,235641.62
8911,200150.62
2291,390062.24
3691,181649.41
15748,319096.49
13305,360198.51
16283,177510.09
16248,407812.94
11877,201241.58
2444,162901.52
641,204612.6
7344,177295.59
51,241217.66
6187,392070.33
11475,140760.12
13374,264059.88
8498,206281.74
10255,233260.12
12314,237033.07
11525,205809.63
14595,214159.52
11787,139095.42
8321,322100.53
14869,146204.97
10637,293425.72
2184,193825.17
16789,223834.32
10808,188865.68
615,186260.28
6096,179220.16
10966,173326.43
11291,159057.36
1338,161846.89
16217,404965.01
14540,206777.82
15581,161683.74
8689,343992.28
4538,185776.85
6877,138722.72
326,179663.37
2088,109272.86
9136,189660.87
7197,216008.86
12504,246223.5
9236,193084.36
9386,312050.86
6853,166621.07
1006,179705.82
6669,334587.56
7769,331263.43
10623,181443.48
8975,137216.1
998,218774.35
10281,190293.91
15565,145141.55
16072,311028.32
9851,169971.12
8841,103229.91
15206,152801.56
16677,152517.82
1957,181893.05
917,303709.85
16152,217119.98
4651,323956.87
9602,332769.95
1028,305422.16
2267,197375.98
16525,84898.68
4872,226631.82
6246,207379.63
5801,170936.09
3873,188447.07
971,154507.19
11640,132213.62
16531,185445.35
417,162827.31
9932,142029.31
5692,371969.54
11152,266356.07
2725,251439.37
4016,208996.02
3834,366816.63
1681,186669.2
9331,238378.52
14015,181419.25
14548,189437.2
7514,248555.12
11384,189897.31
16230,214925.19
13079,170782.32
7107,150308.24
15180,308685.22
8948,167199.19
1622,152537.34
14671,370603.65
15984,250369.77
8546,164508.4
7581,232246.41
13303,385265.01
16256,323310.6
14544,179380.48
11498,172177.44
6287,183960.51
8578,237977.54
4896,195860.72
15795,150859.81
8267,125684.92
6445,268968.62
1829,146310.18
1907,88490.7
7021,200396.66
7460,274440.36
16611,146524.75
9033,146170.43
3344,167694.12
13751,183716.54
9665,158770.96
14298,126740.38
10375,189834.28
14986,225670.09
6904,183810.46
6456,187298.61
8227,173062.65
3523,334406.07
13842,110122.2
13900,234324.95
6274,119372.15
6011,331951.05
990,177789.38
11589,202240.43
15016,182033.78
13281,191892.79
16301,177876.35
6175,241147.36
9820,113723.22
12024,183207.56
2535,150167.33
14486,397300.79
9973,149874.6
153,244028.67
16215,166507.54
102,163176.2
9888,360480.17
4285,212220.04
4330,137445.57
10156,324951.84
10601,142156.84
11519,439612.28
113,178479.81
11705,150529.87
8167,187409.51
4047,380792.99
2443,155895.41
9232,267122.21
12615,162574.77
11742,200449.67
947,256818.72
15412,86730.29
13365,381722.54
7432,131348.4
52,298581.9
3177,180154.95
16228,268778.44
9416,190465.18
4429,174021.45
6330,316921.51
6866,191470.6
13494,239679.19
7819,204882.55
5873,181447.58
4963,237384.26
11573,149383.4
10150,335368.94
14793,133177.44
12873,170557.95
15243,262868.32
4821,257643.93
11709,283427.09
9596,161185.62
8197,139315.32
9519,198736.99
5796,173967.98
2812,441432.9
10616,228126.47
3382,169780.42
11890,202742.92
13069,190220.54
10158,217658.73
8252,205995.96
8834,174963.72
14676,143530.71
13060,254865.62
10379,180738.46
16138,399430.16
3912,143929.52
5722,190278.46
11004,239338.84
